{
  "version": 1,
  "author": "Anonymous maker",
  "editor": "wokwi",
  "parts": [
    { "type": "board-esp32-devkit-c-v4", "id": "esp", "top": 0, "left": -43.16, "attrs": {} },
    {
      "type": "wokwi-led",
      "id": "led1",
      "top": 18,
      "left": 246.6,
      "rotate": 90,
      "attrs": { "color": "red" }
    },
    {
      "type": "wokwi-led",
      "id": "led2",
      "top": 94.8,
      "left": 246.6,
      "rotate": 90,
      "attrs": { "color": "limegreen" }
    },
    {
      "type": "wokwi-led",
      "id": "led3",
      "top": 56.4,
      "left": 246.6,
      "rotate": 90,
      "attrs": { "color": "yellow" }
    },
    {
      "type": "wokwi-resistor",
      "id": "r1",
      "top": 42.35,
      "left": 163.2,
      "attrs": { "value": "1000" }
    },
    {
      "type": "wokwi-resistor",
      "id": "r2",
      "top": 119.15,
      "left": 163.2,
      "attrs": { "value": "1000" }
    },
    {
      "type": "wokwi-resistor",
      "id": "r3",
      "top": 80.75,
      "left": 163.2,
      "attrs": { "value": "1000" }
    }
  ],
  "connections": [
    [ "esp:TX", "$serialMonitor:RX", "", [] ],
    [ "esp:RX", "$serialMonitor:TX", "", [] ],
    [ "led1:C", "esp:GND.2", "black", [ "v-9.2", "h-192" ] ],
    [ "r1:2", "led1:A", "red", [ "v0" ] ],
    [ "led3:A", "r3:2", "gold", [ "h0" ] ],
    [ "led2:A", "r2:2", "green", [ "h0" ] ],
    [ "r2:1", "esp:23", "green", [ "h-28.8", "v-76.8", "h-28.8", "v-9.6" ] ],
    [ "r3:1", "esp:22", "gold", [ "v-19.2", "h-67.2", "v-19.2" ] ],
    [ "r1:1", "esp:21", "red", [ "v9.6", "h-48", "v19.2" ] ],
    [ "led3:C", "esp:GND.2", "black", [ "h-19.2", "v-47.6" ] ],
    [ "led2:C", "esp:GND.2", "black", [ "h-19.2", "v-86" ] ]
  ],
  "dependencies": {}
}