{
  "version": 1,
  "author": "Difa Aqilah",
  "editor": "wokwi",
  "parts": [
    { "type": "wokwi-esp32-devkit-v1", "id": "esp", "top": -283.3, "left": 52.6, "attrs": {} },
    {
      "type": "wokwi-led",
      "id": "led1",
      "top": -224.4,
      "left": -101.8,
      "attrs": { "color": "red" }
    },
    {
      "type": "wokwi-resistor",
      "id": "r5",
      "top": -168.85,
      "left": -48,
      "attrs": { "value": "1000" }
    },
    {
      "type": "wokwi-dht22",
      "id": "dht1",
      "top": -260.42,
      "left": 247.56,
      "attrs": { "temperature": "58.7", "humidity": "77" }
    }
  ],
  "connections": [
    [ "esp:TX0", "$serialMonitor:RX", "", [] ],
    [ "esp:RX0", "$serialMonitor:TX", "", [] ],
    [ "led1:A", "r5:1", "red", [ "v0" ] ],
    [ "r5:2", "esp:D26", "red", [ "v1.2", "h17.93", "v81.46" ] ],
    [ "dht1:VCC", "esp:VIN", "red", [ "v135.92", "h-214.56", "v-115.2" ] ],
    [ "dht1:GND", "esp:GND.1", "black", [ "v126.32", "h-128.16", "v-115.1" ] ],
    [ "dht1:SDA", "esp:D15", "green", [ "v145.52", "h-99.26", "v-143.8" ] ],
    [ "led1:C", "esp:GND.2", "black", [ "v48", "h144.4" ] ]
  ],
  "dependencies": {}
}